<?xml version="1.0" encoding="utf-8"?>
<hibernate-configuration>
    <session-factory>
        <!-- Database connection settings -->
        <property name="hibernate.dialect">org.hibernate.dialect.MySQL8Dialect</property>
        <property name="hibernate.connection.driver_class">com.mysql.cj.jdbc.Driver</property>
        <property name="hibernate.connection.url">jdbc:mysql://localhost:3306/mytest</property>
        <property name="hibernate.connection.username">root</property>
        <property name="hibernate.connection.password">root</property>

        <!-- Automatically update the database schema -->
        <property name="hibernate.hbm2ddl.auto">create</property>

        <!-- Show SQL queries in the console -->
        <property name="show_sql">true</property>
        
      <!--   <property name="hibernate.cache.use_second_level_cache">true</property>
        <property name="hibernate.cache.region.factory_class">org.hibernate.cache.ehcache.EhCacheRegionFactory</property>

         Mapping class -->
        <mapping class="com.example.hibernateexample.Employee"/>
        <mapping class="com.example.hibernateexample.Address"/>
    </session-factory>
</hibernate-configuration>
